study,subject,time,dvid,dv,age,sex,race,height,weight,bmi,flag
dummy_001,202310001,0.8484467987414359,1,162.98063518314515,44,Male,Asian,166.8,75.3,27.06467919189827,1
dummy_001,202310002,11.75448894491916,1,183.67982354637772,47,Female,White,168.6,71.6,25.18824342256163,1
dummy_001,202310003,4.945866210364315,1,48.662897126250115,49,Female,White,174.7,65.8,21.559569450810926,1
dummy_001,202310004,5.266695275923159,1,146.20600980202556,52,Male,Asian,165.5,61.9,22.59928259143308,1
dummy_001,202310005,10.254779272955487,1,51.55118696335508,23,Male,African American,171.9,71.4,24.162755447533826,1
